order,module,item_id,item_type,title,duration_min,mvp_required,release_phase,unlock_rule,completion_rule,required_submission,primary_downloadable_id,proof_artifact,card_copy_status,notes
0,0,diag_in,diagnostic,"Входная самодиагностика",8,yes,phase_0_onboarding,open_on_enrollment,submit_form,diag_in_form,form-diag-in,intake_baseline,ready,"Required before baseline and before Module 1 unlock"
1,0,baseline,task,"Baseline Compare: первая рабочая задача",15,yes,phase_0_onboarding,after_diag_in,submit_form,baseline_compare_form,dl-s00-baseline-compare,baseline_compare,ready,"Participant compares baseline and guided AI draft"
2,0,s00,session,"Сессия 0. Диагностика и первая практическая победа",35,yes,phase_0_onboarding,open_on_enrollment,watch_and_submit_first_win,first_win_note,dl-l01-first-win-card,first_win,ready,"Module 1 unlocks only after s00 and baseline are complete"
3,1,l01,lesson,"Урок 1. AI в работе: инструмент, а не магия",14,yes,phase_1_foundation,after_s00,watch_and_answer_2_checks,lesson_self_check,dl-l01-first-win-card,first_win,ready,"Tie lesson back to first measurable use"
4,1,l02,lesson,"Урок 2. Где AI помогает быстрее всего",14,yes,phase_1_foundation,after_l01,watch_and_answer_2_checks,lesson_self_check,none,scenario_filter,ready,"Focus on clear input and clear output tasks"
5,1,l03,lesson,"Урок 3. Где AI слаб или опасен",14,yes,phase_1_foundation,after_l02,watch_and_answer_2_checks,lesson_self_check,none,risk_awareness,ready,"Participant must distinguish green and red zones"
6,1,l04,lesson,"Урок 4. Как выбрать первые сценарии для AI",16,yes,phase_1_foundation,after_l03,watch_and_answer_2_checks,lesson_self_check,dl-hw01-task-map,scenario_shortlist,ready,"Bridge lesson directly into HW1"
7,1,l05,lesson,"Урок 5. Почему слабый запрос дает слабый результат",15,yes,phase_1_foundation,after_l04,watch_and_answer_2_checks,lesson_self_check,dl-l06-prompt-formula-card,prompt_gap_awareness,ready,"Unlock HW1 after lesson completion"
8,1,hw01,homework,"Домашняя работа 1. Карта задач для ускорения",60,yes,phase_1_foundation,after_l05,submit_homework,task_map_table,dl-hw01-task-map,scenario_shortlist,ready,"Need 8 tasks and 3 selected start scenarios"
9,2,l06,lesson,"Урок 6. Формула хорошего запроса",15,yes,phase_2_prompting,after_hw01_accepted,watch_and_answer_2_checks,lesson_self_check,dl-l06-prompt-formula-card,prompt_formula,ready,"Participant should reuse formula on one real task"
10,2,l07,lesson,"Урок 7. Роль, аудитория и уместность",13,yes,phase_2_prompting,after_l06,watch_and_answer_2_checks,lesson_self_check,none,audience_control,ready,"Add role and audience fit to prompt design"
11,2,l08,lesson,"Урок 8. Как разбивать сложную задачу на шаги",16,yes,phase_2_prompting,after_l07,watch_and_answer_2_checks,lesson_self_check,none,workflow_breakdown,ready,"Used before template library is assembled"
12,2,l09,lesson,"Урок 9. Почему не существует волшебного промпта",12,yes,phase_2_prompting,after_l08,watch_and_answer_2_checks,lesson_self_check,none,prompt_iteration,ready,"Participant must stop searching for one universal prompt"
13,2,l10,lesson,"Урок 10. Как собирать свои рабочие шаблоны",15,yes,phase_2_prompting,after_l09,watch_and_answer_2_checks,lesson_self_check,dl-hw02-prompt-library,prompt_library_seed,ready,"Lesson directly prepares HW2"
14,2,hw02,homework,"Домашняя работа 2. Пять рабочих шаблонов запросов",75,yes,phase_2_prompting,after_l10,submit_homework,prompt_library,dl-hw02-prompt-library,prompt_library,ready,"Need at least 3 strong before-after prompt upgrades"
15,3,l11,lesson,"Урок 11. Почему AI выглядит уверенным даже когда ошибается",13,yes,phase_3_quality,after_hw02_accepted,watch_and_answer_2_checks,lesson_self_check,none,false_confidence_awareness,ready,"Sets up quality-control block"
16,3,l12,lesson,"Урок 12. Чек-лист проверки качества",16,yes,phase_3_quality,after_l11,watch_and_answer_2_checks,lesson_self_check,dl-l12-quality-checklist,quality_checklist,ready,"Checklist must be attached from the card"
17,3,l13,lesson,"Урок 13. Когда нельзя копировать ответ как есть",13,yes,phase_3_quality,after_l12,watch_and_answer_2_checks,lesson_self_check,none,human_review_boundary,ready,"Participant names at least one no-copy zone"
18,3,l14,lesson,"Урок 14. Как превращать сырой AI-черновик в рабочий результат",16,yes,phase_3_quality,after_l13,watch_and_answer_2_checks,lesson_self_check,none,editing_after_ai,ready,"Focus on manual revision, not only critique"
19,3,l15,lesson,"Урок 15. Минимальная цифровая гигиена и безопасность",14,yes,phase_3_quality,after_l14,watch_and_answer_2_checks,lesson_self_check,dl-l15-safe-use-rules,safe_use_rules,ready,"Required before Module 4 opens"
20,3,hw03,homework,"Домашняя работа 3. Чек-лист проверки и редактуры",75,yes,phase_3_quality,after_l15,submit_homework,quality_review_pack,dl-l12-quality-checklist,quality_review_pack,ready,"Need 3 cases with checklist review and manual fixes"
21,4,l16,lesson,"Урок 16. Деловая переписка и сообщения",16,yes,phase_4_workflows,after_hw03_accepted,watch_and_answer_2_checks,lesson_self_check,dl-l16-follow-up-template,follow_up_template,ready,"Use one internal or client-safe example"
22,4,l17,lesson,"Урок 17. Резюме документов и выделение сути",15,yes,phase_4_workflows,after_l16,watch_and_answer_2_checks,lesson_self_check,dl-l17-summary-template,document_summary_template,ready,"Summary must preserve facts and decisions"
23,4,l18,lesson,"Урок 18. Подготовка к встречам и созвонам",15,yes,phase_4_workflows,after_l17,watch_and_answer_2_checks,lesson_self_check,dl-l18-meeting-prep-canvas,meeting_prep_canvas,ready,"Participant leaves with a reusable prep structure"
24,4,l19,lesson,"Урок 19. Идеи, структура и черновики",14,yes,phase_4_workflows,after_l18,watch_and_answer_2_checks,lesson_self_check,dl-l19-outline-canvas,outline_canvas,ready,"Drafting aid, not final-authority lesson"
25,4,l20,lesson,"Урок 20. Первичное исследование темы",15,yes,phase_4_workflows,after_l19,watch_and_answer_2_checks,lesson_self_check,dl-l20-research-note-template,research_note,ready,"Always pair with source-checking reminder"
26,4,hw04,homework,"Домашняя работа 4. Личная библиотека универсальных сценариев",60,optional,phase_4_workflows,after_l20,submit_homework,scenario_library,dl-hw04-scenario-library,scenario_library,ready,"Optional in MVP; should not block Module 5"
27,5,l21,lesson,"Урок 21. AI как инструмент самообучения",13,yes,phase_5_rollout,after_l20,watch_and_answer_2_checks,lesson_self_check,dl-l21-learning-guide,learning_with_ai_rule,ready,"Participant defines one safe learning workflow"
28,5,l22,lesson,"Урок 22. Как не превратить AI в лишнюю игрушку",12,yes,phase_5_rollout,after_l21,watch_and_answer_2_checks,lesson_self_check,none,focus_rule,ready,"Connect usage to task frequency and value"
29,5,l23,lesson,"Урок 23. Как строить личную систему использования AI",15,yes,phase_5_rollout,after_l22,watch_and_answer_2_checks,lesson_self_check,dl-hw04-scenario-library,system_map,ready,"Bridge from isolated wins to repeatable library"
30,5,l24,lesson,"Урок 24. План внедрения на 14 дней",16,yes,phase_5_rollout,after_l23,watch_and_answer_2_checks,lesson_self_check,dl-l24-rollout-canvas,rollout_plan_seed,ready,"Unlock HW5 after lesson completion"
31,5,hw05,homework,"Домашняя работа 5. Личный план внедрения AI на 14 дней",45,yes,phase_5_rollout,after_l24,submit_homework,rollout_plan,dl-hw05-14-day-plan,rollout_plan,ready,"Need 3 priority scenarios and one measurable effect signal"
32,5,project,project,"Итоговый мини-проект",90,yes,phase_5_rollout,after_hw05_accepted,submit_project,mini_project_pack,dl-project-submission-template,mini_project_proof,ready,"Need full cycle: baseline, prompt, check, fix, final result, repeat rule"
33,5,diag_out,diagnostic,"Выходная самодиагностика",10,yes,phase_5_rollout,after_project_submitted,submit_form,diag_out_form,form-diag-out,post_pilot_compare,ready,"Course completion requires final self-diagnostic"
